model,lambda,survival_probability,ci_low,ci_high,mean_survival_time,mean_generated
polar,0.4,1.0,0.93982814785791,0.9999999999999998,90.0,35.46666666666667
polar,0.5,1.0,0.93982814785791,0.9999999999999998,90.0,43.9
polar,0.6,1.0,0.93982814785791,0.9999999999999998,90.0,54.7
polar,0.7,1.0,0.93982814785791,0.9999999999999998,90.0,63.85
polar,0.8,0.9833333333333333,0.9114487027240993,0.9970518402052136,89.42916666666666,71.46666666666667
polar,0.9,0.8833333333333333,0.7782121197582914,0.9423227935994396,86.61833333333334,77.31666666666666
polar,1.0,0.5,0.3773502424155577,0.6226497575844423,72.24083333333333,71.31666666666666
polar,1.1,0.03333333333333333,0.009189319256197877,0.113637742743086,48.67583333333333,54.016666666666666
polar,1.2,0.0,0.0,0.06017185214208986,38.357499999999995,46.05
